ID,Imię,Nazwisko,Data urodzenia,Numer telefonu,E-mail,Miasto,Kraj,Płeć,Wynagrodzenie
1,Sherry,Reilly,1994-07-15,+48506456636,kimberlycrawford@yahoo.com,Donnaburgh,Sierra Leone,K,12770
2,Christopher,Williams,1964-04-03,+48405118977,chloe87@gmail.com,North Daniel,Mauritania,K,10624
3,Jennifer,Solomon,1993-02-02,+48505056547,rsawyer@bryant.org,Marthafurt,Andorra,K,14413
4,Zachary,Bryan,1962-10-18,+48772051288,wallacejason@gmail.com,Stanleyborough,Egypt,M,6411
5,Teresa,Baker,1959-10-27,+48273364308,rogerslisa@yahoo.com,South Amanda,Iran,M,12863
6,Debra,Reid,1966-11-28,+48826841807,alexanderrobert@hotmail.com,Johnside,Zambia,M,7953
7,Cynthia,Chan,2004-01-11,+48949835667,jeffreyjohnson@lopez-hill.org,Kimberlyville,Afghanistan,M,14217
8,Dorothy,Sparks,1999-12-28,+48135854009,michael61@hall.net,Port Mitchell,Mozambique,M,5668
9,Sarah,Davis,1978-04-14,+48376580182,joseph60@pierce-bryant.com,Petersonfurt,Vanuatu,K,8053
10,Monica,Norton,1966-07-23,+48919240408,peggy82@hotmail.com,New Manuelmouth,Jersey,M,11253
11,John,Schwartz,1975-07-03,+48596798178,paulwilkins@hotmail.com,South Hannahfurt,Faroe Islands,K,9853
12,Karen,Le,1968-06-28,+48623090732,kylescott@houston.org,New Charles,Reunion,K,10381
13,Latasha,Wells,2004-02-08,+48996529849,jamesmoses@hotmail.com,Garciashire,Liechtenstein,K,12565
14,Patrick,Wright,1981-12-03,+48943355499,greencrystal@gmail.com,West Renee,Slovenia,M,12451
15,Mike,Peterson,1954-06-12,+48560514905,john41@taylor-townsend.com,Ashleyside,Cote d'Ivoire,M,6752
16,Frederick,Decker,1992-09-06,+48310510256,hannahjones@gmail.com,Davidville,United States Minor Outlying Islands,K,13648
17,Jessica,Williams,1954-01-07,+48666860084,michealherrera@gmail.com,Jenniferton,Cyprus,M,14099
18,Stephanie,Wilson,1981-09-27,+48418675146,norman68@hamilton.com,Jonesbury,Namibia,K,7049
19,Jason,Briggs,1988-08-05,+48097933361,michaelgrimes@yahoo.com,Taylorport,Greece,K,3749
20,Jennifer,Simpson,1996-12-30,+48157346789,vfischer@hotmail.com,Jilltown,Tokelau,M,8912
21,Michelle,Carter,1954-03-08,+48941689714,tonya99@yahoo.com,Meganton,New Zealand,M,5401
22,Jessica,Wells,1998-09-13,+48668794534,pmathis@gmail.com,Jenniferside,British Virgin Islands,M,8392
23,Lisa,Fletcher,1998-08-04,+48185453326,donald69@gonzales.net,Lake James,Korea,K,10744
24,Scott,Smith,1965-02-21,+48034774939,hkelly@yahoo.com,Tracyshire,Guam,M,7206
25,Robert,Stevens,1989-08-13,+48952485985,wrightashley@garza-bautista.biz,Amberchester,Cayman Islands,M,14985
26,Donna,Myers,1995-09-29,+48186143974,laraangela@gmail.com,West Gwendolyn,Isle of Man,K,9057
27,Alexander,Cochran,1979-09-07,+48962423737,gyu@hotmail.com,New Melissaview,Djibouti,M,8814
28,Jill,Lucas,1977-06-08,+48606742846,pgreer@gmail.com,Dianemouth,Georgia,K,14528
29,Louis,Stokes,1997-05-31,+48183615129,williamscarolyn@hotmail.com,Harrytown,British Indian Ocean Territory (Chagos Archipelago),K,7844
30,Philip,Andrews,1987-11-26,+48557626599,chris60@gmail.com,Villarrealtown,Germany,K,13693
31,Dillon,Jordan,1971-10-27,+48495723519,danielmitchell@moss.com,North Elizabeth,El Salvador,K,12985
32,Timothy,Brown,1985-03-16,+48441424101,mcoleman@hotmail.com,Jenkinsberg,Somalia,K,8149
33,Sarah,Anderson,1999-05-07,+48339634200,elizabeth89@mills-west.biz,North Jenniferberg,Guam,K,14353
34,Catherine,Hess,1985-05-03,+48680609037,sanforddeborah@yahoo.com,New Pamelatown,Mauritania,M,3749
35,Emily,Stephens,1998-03-26,+48176967899,sanchezjohn@hotmail.com,Charleschester,Nepal,M,13921
36,Brittany,Gilmore,1995-04-29,+48158547200,lgross@yahoo.com,Comptonchester,Australia,K,5168
37,Mark,Francis,1963-02-23,+48347312768,james87@porter.com,Port Sherry,French Southern Territories,K,6011
38,Mary,Chandler,1968-10-07,+48861528468,irusso@hotmail.com,Lake Jeffreyville,Antigua and Barbuda,M,9930
39,Brittany,Carey,1952-12-24,+48755799056,ryan88@allen-morgan.com,Joshuatown,Lao People's Democratic Republic,K,14307
40,Kari,Sherman,2003-05-09,+48931355613,kellysmith@hotmail.com,West Michaelfort,Mauritius,K,10999
41,Thomas,Peck,1997-05-15,+48092336889,alvarezanna@hotmail.com,Ericchester,Malawi,K,10801
42,Rebecca,Oneill,1961-01-22,+48911913270,alexandra42@hotmail.com,East Kristenshire,Tunisia,M,8532
43,Virginia,Woods,2005-07-24,+48564978906,ogonzalez@cameron.org,East Matthewfurt,Reunion,K,13559
44,Joshua,Johnson,1980-02-14,+48837230907,nicole01@gmail.com,Lake Edwardton,New Caledonia,K,10502
45,Elizabeth,Pearson,2000-04-19,+48240474061,petersenjoseph@everett.com,New Andrewbury,United Kingdom,K,11371
46,David,Weaver,1964-10-18,+48925872386,morganisabella@mooney.org,North Kevinton,French Guiana,M,7339
47,Tina,Baker,1957-07-23,+48821238843,nancyrose@johnson-graham.com,Simschester,Saint Pierre and Miquelon,M,14869
48,Wesley,Jackson,1996-02-12,+48073874221,rodriguezjames@yahoo.com,Rubenport,Israel,M,10149
49,Brett,Collins,1961-05-08,+48693142001,frankswanson@freeman-white.biz,Ryanland,Macao,K,3109
50,Brittany,Rodriguez,1979-05-11,+48911136027,stephaniestewart@todd.info,West James,Lebanon,K,7461
51,Monique,Bonilla,2001-09-28,+48620138120,michaelwatson@figueroa-savage.com,North Allison,Poland,K,13356
52,Kimberly,Perkins,1969-12-01,+48593231522,riggsaaron@hotmail.com,New Alanland,Rwanda,M,14721
53,Emily,Bradley,2001-12-07,+48549160129,amberchase@castro.biz,Martinfort,Swaziland,M,7649
54,Frank,Evans,1984-09-24,+48360062304,mooredavid@mora.com,West Bryan,Palau,K,12142
55,Jennifer,Johnson,1966-08-14,+48184850161,eric40@payne.com,Heatherside,Aruba,K,3456
56,Derek,Nguyen,1989-01-28,+48268762245,harold07@johnson-johnston.com,Thomasberg,French Polynesia,K,8533
57,Michelle,Walker,2001-03-26,+48010085130,lewisemily@jones-hawkins.info,South Joel,Finland,K,6590
58,David,Rios,2004-10-04,+48419945299,nancy59@yahoo.com,Karafurt,Canada,K,8136
59,Tammy,Gonzalez,1978-05-20,+48166940936,jacob36@gmail.com,Sandraville,Sudan,K,9906
60,Jacqueline,Baker,1993-05-04,+48068656062,amandahicks@fleming.biz,North Shelly,Egypt,M,9333
61,Sabrina,Delacruz,1969-06-26,+48628322153,peter57@mitchell.com,Omarmouth,Morocco,M,4940
62,Deborah,Mccullough,1963-04-05,+48724530239,shanecollins@clark.com,Whitneyville,Cuba,K,10512
63,Nicole,Walters,1959-01-28,+48186848220,carolynhoffman@gmail.com,Cassidyfort,Equatorial Guinea,M,12580
64,Thomas,Williams,1960-09-28,+48474923224,ycrawford@ayala.com,North Dustin,Colombia,M,4377
65,Kyle,Burke,1958-03-02,+48332535838,jonathan58@gmail.com,Hollandshire,Greece,M,9471
66,Jennifer,Henry,1956-11-29,+48120774632,nicole47@gmail.com,West Melissa,Mayotte,K,10979
67,Jennifer,Meyer,1976-11-07,+48003192605,nelsonwilliam@hotmail.com,Lake Dennis,Wallis and Futuna,K,6971
68,Angela,Moore,1971-09-29,+48798437252,williamsjames@yahoo.com,Delgadohaven,Honduras,M,13467
69,Kathleen,Richards,2005-10-14,+48330880518,daniellove@hotmail.com,East Troy,Costa Rica,M,4784
70,James,Landry,1970-12-20,+48641449888,martinlindsay@holt.com,West Alexanderburgh,Bhutan,M,12657
71,Amber,Goodwin,1965-08-30,+48434457915,gsanchez@anderson.com,Williamsville,Russian Federation,M,8671
72,Barbara,Barnett,1954-03-15,+48464523942,pwhite@yahoo.com,North Lesliehaven,Haiti,M,3513
73,Laura,Hernandez,1955-05-05,+48364292466,billscott@sandoval.info,North Courtneyside,Saint Vincent and the Grenadines,K,5666
74,Charlotte,Wilson,2003-05-22,+48799653658,justin88@payne.net,New William,Niger,K,13921
75,William,Benjamin,1981-04-18,+48577835303,johnsmith@hammond-lee.com,West Joshua,Zambia,K,13470
76,Lee,Lee,1973-08-07,+48151049398,tatemichael@hill-smith.com,Carolborough,Lithuania,M,6859
77,David,Hansen,1960-03-11,+48756956776,johnreilly@hotmail.com,West Dawnshire,Italy,K,10131
78,Michelle,Russell,1998-10-09,+48428530674,frubio@gibson.com,Lake Crystal,Kuwait,K,4999
79,Latasha,Bautista,1993-05-11,+48507000681,marknelson@gmail.com,South Desiree,Cape Verde,M,14524
80,Donna,Friedman,1961-10-27,+48021544941,lewischristopher@brown.com,North Amber,Mexico,M,14223
81,Andrea,Lambert,1990-12-25,+48488059844,michael09@hotmail.com,South Kelly,Nepal,K,10660
82,Blake,Simpson,1974-04-11,+48506192840,kellyglenn@moore.net,Lake Julieport,Bahrain,K,5831
83,Jennifer,Palmer,1968-01-07,+48159139482,barkeradam@hotmail.com,Christopherland,China,M,3413
84,Gabriela,Thornton,1975-10-09,+48896258741,clarktyler@cunningham.com,Murraymouth,Saint Barthelemy,K,8418
85,Lorraine,Baker,1961-07-14,+48396700152,gmclean@yahoo.com,Gibsonmouth,Pakistan,M,5408
86,Michael,Brown,1955-08-28,+48560968165,boothtroy@villarreal.info,New Jennifer,Swaziland,K,8899
87,Alyssa,Hill,1993-05-01,+48272016848,jose28@hotmail.com,East Travismouth,Montenegro,K,6726
88,Scott,Johnson,1968-09-03,+48583991388,fhernandez@gmail.com,Lake Joshuafort,Belize,K,5440
89,Alexandra,Jackson,1993-11-20,+48380390271,jgardner@hotmail.com,Mirandatown,Venezuela,K,12740
90,Joshua,Fischer,1984-05-14,+48073253604,aguilarkelli@knapp.com,East Erinmouth,Colombia,M,6711
91,Tanner,Beck,1965-05-23,+48554863826,snolan@crane-powers.info,North Tanya,Burundi,K,11381
92,Elizabeth,Brandt,1965-09-26,+48481729540,franklincarolyn@carter.com,Lake David,Germany,M,6774
93,Eric,Bishop,1964-02-23,+48994754147,paulblack@watson.net,New John,Cuba,K,5416
94,Jeffrey,Martin,1983-05-30,+48443573274,rcoleman@hotmail.com,Turnerchester,Sudan,M,11070
95,James,Williams,1997-06-30,+48626311420,zmathis@richardson.com,Barbaramouth,Central African Republic,K,7609
96,Kimberly,Graham,1980-02-17,+48416502414,taylorlinda@gmail.com,East Emilychester,India,K,11626
97,Douglas,Johns,2001-03-03,+48749472493,jpatrick@green.com,Castrochester,Benin,K,12089
98,Brian,Lee,1975-12-13,+48016435104,gutierrezheidi@boyd-wilson.com,Briannamouth,Honduras,M,12480
99,Deborah,Miller,1965-07-30,+48477395301,nhubbard@boyd.com,Lake James,Greece,M,8457
100,Dustin,Choi,1979-07-09,+48191532814,caitlynparker@parker-walters.com,New Maryton,Afghanistan,K,12744
